{
  "best_model": "GradientBoosting",
  "best_model_name": "GradientBoosting",
  "feature_order": [
    "custo_producao",
    "preco_original",
    "desconto_pct",
    "preco_final"
  ],
  "target": "receita_mes",
  "metrics": {
    "cv_rmse_mean": 1165.0423957609728,
    "cv_rmse_std": 115.99516876894509,
    "cv_mae_mean": 871.9862470939512,
    "cv_mae_std": 84.62415648458177,
    "cv_r2_mean": 0.8548311956915878,
    "cv_r2_std": 0.029006017803315586,
    "cv_expected_profit_mean": 11500.263166662915,
    "cv_expected_profit_std": 290.54801516193476,
    "cv_rmse": 1165.0423957609728,
    "cv_mae": 871.9862470939512,
    "cv_r2": 0.8548311956915878,
    "holdout_rmse": 1122.75086117846,
    "holdout_r2": 0.863092683732834,
    "holdout_mae": 853.4011050196126,
    "holdout_expected_profit": 11435.875378181789
  }
}